[
  {
    "id": "b2ac5079-db67-4b5a-bc39-b79000f3552f",
    "data": [
      {
        "text": "what are the Aptitude test available .",
        "userDefined": false
      }
    ],
    "isTemplate": false,
    "count": 0,
    "lang": "en",
    "updated": 0
  },
  {
    "id": "5c13cd0a-6a19-4385-9373-09c24f54c0e6",
    "data": [
      {
        "text": "i want to give the Aptitude test",
        "userDefined": false
      }
    ],
    "isTemplate": false,
    "count": 0,
    "lang": "en",
    "updated": 0
  },
  {
    "id": "3a281c7b-a482-4d79-9a17-4c2038241542",
    "data": [
      {
        "text": "can you please provide the Aptitude test for ",
        "userDefined": false
      },
      {
        "text": "us",
        "userDefined": false
      },
      {
        "text": " .",
        "userDefined": false
      }
    ],
    "isTemplate": false,
    "count": 0,
    "lang": "en",
    "updated": 0
  },
  {
    "id": "92f5a73e-276b-44a5-bbb2-f37239d10cf0",
    "data": [
      {
        "text": "i want to take the Aptitude test .",
        "userDefined": false
      }
    ],
    "isTemplate": false,
    "count": 0,
    "lang": "en",
    "updated": 0
  }
]