[
  {
    "id": "81702b76-ae48-4e5b-811c-b28b6053733f",
    "data": [
      {
        "text": "I don\u0027t know how to find my passion.",
        "userDefined": false
      }
    ],
    "isTemplate": false,
    "count": 0,
    "lang": "en",
    "updated": 0
  },
  {
    "id": "b91655b0-26c7-44ab-a4b5-b7022748c084",
    "data": [
      {
        "text": "I feeling depressed about my career.",
        "userDefined": false
      }
    ],
    "isTemplate": false,
    "count": 0,
    "lang": "en",
    "updated": 0
  },
  {
    "id": "4d67716d-e425-40c9-a820-c9d5c1d25d7d",
    "data": [
      {
        "text": "My thoughts feel divided.",
        "userDefined": false
      }
    ],
    "isTemplate": false,
    "count": 0,
    "lang": "en",
    "updated": 0
  },
  {
    "id": "1938cf18-b463-4a8c-8d40-7d7e6d481d89",
    "data": [
      {
        "text": "I feel confused",
        "userDefined": false
      }
    ],
    "isTemplate": false,
    "count": 0,
    "lang": "en",
    "updated": 0
  },
  {
    "id": "be0fef68-1e4b-4f83-9f67-cb2b30b25ad4",
    "data": [
      {
        "text": "I am blank ",
        "userDefined": false
      },
      {
        "text": "at the moment",
        "userDefined": false
      },
      {
        "text": ".",
        "userDefined": false
      }
    ],
    "isTemplate": false,
    "count": 0,
    "lang": "en",
    "updated": 0
  },
  {
    "id": "4f7b05b7-a01e-4968-b7f4-53d28a7f0042",
    "data": [
      {
        "text": "I am very confused to choose my career.",
        "userDefined": false
      }
    ],
    "isTemplate": false,
    "count": 0,
    "lang": "en",
    "updated": 0
  },
  {
    "id": "02c9b09a-fa3c-4049-b3fe-618d7b7ee272",
    "data": [
      {
        "text": "Can you help me figure out my career?",
        "userDefined": false
      }
    ],
    "isTemplate": false,
    "count": 0,
    "lang": "en",
    "updated": 0
  },
  {
    "id": "9e5fd421-174b-403a-8d73-2d951ac64699",
    "data": [
      {
        "text": "I am not sure what to do in my life.",
        "userDefined": false
      }
    ],
    "isTemplate": false,
    "count": 0,
    "lang": "en",
    "updated": 0
  }
]