[
  {
    "id": "292d8b7d-464d-4771-af54-7afa5f37be64",
    "data": [
      {
        "text": "most probably",
        "meta": "@num",
        "alias": "num",
        "userDefined": false
      }
    ],
    "isTemplate": false,
    "count": 0,
    "lang": "en",
    "updated": 0
  },
  {
    "id": "c4a9a756-9225-485d-8b67-a52b8d8d3155",
    "data": [
      {
        "text": "not sure",
        "meta": "@num",
        "alias": "num",
        "userDefined": false
      }
    ],
    "isTemplate": false,
    "count": 0,
    "lang": "en",
    "updated": 0
  },
  {
    "id": "0d041f5a-1574-4ff8-af07-cd34e1bb6a76",
    "data": [
      {
        "text": "probably",
        "meta": "@num",
        "alias": "num",
        "userDefined": false
      }
    ],
    "isTemplate": false,
    "count": 0,
    "lang": "en",
    "updated": 0
  },
  {
    "id": "905c26d6-6fce-4859-9210-7de081065f62",
    "data": [
      {
        "text": "sure",
        "meta": "@num",
        "alias": "num",
        "userDefined": false
      }
    ],
    "isTemplate": false,
    "count": 0,
    "lang": "en",
    "updated": 0
  }
]