[
  {
    "id": "484030d5-a9d0-415c-8d7d-f4c56e0f24bb",
    "data": [
      {
        "text": "most probably",
        "meta": "@num",
        "alias": "num2",
        "userDefined": false
      }
    ],
    "isTemplate": false,
    "count": 0,
    "lang": "en",
    "updated": 0
  },
  {
    "id": "11b74bb3-5d87-4b52-8427-d09ed4bc7c35",
    "data": [
      {
        "text": "probably",
        "meta": "@num",
        "alias": "num2",
        "userDefined": false
      }
    ],
    "isTemplate": false,
    "count": 0,
    "lang": "en",
    "updated": 0
  },
  {
    "id": "bb140ed7-acf1-476b-b9c9-031d902591f5",
    "data": [
      {
        "text": "not sure",
        "meta": "@num",
        "alias": "num2",
        "userDefined": false
      }
    ],
    "isTemplate": false,
    "count": 0,
    "lang": "en",
    "updated": 0
  },
  {
    "id": "d87e816a-2902-4291-b4d1-933b66625ed9",
    "data": [
      {
        "text": "sure",
        "meta": "@num",
        "alias": "num2",
        "userDefined": false
      }
    ],
    "isTemplate": false,
    "count": 0,
    "lang": "en",
    "updated": 0
  }
]