[
  {
    "id": "d3efe0d8-c4ba-46f8-ba91-c65a9d051a82",
    "data": [
      {
        "text": "I want to know about the colleges in my state.",
        "userDefined": false
      }
    ],
    "isTemplate": false,
    "count": 0,
    "lang": "en",
    "updated": 0
  },
  {
    "id": "bf956f26-8b7d-4459-9fdc-b419376a5d17",
    "data": [
      {
        "text": "Please tell me about the best colleges in @",
        "userDefined": false
      },
      {
        "text": "Tamil Nadu.",
        "meta": "@Topic",
        "alias": "Inquiry",
        "userDefined": true
      }
    ],
    "isTemplate": false,
    "count": 0,
    "lang": "en",
    "updated": 0
  },
  {
    "id": "bfbb3949-a626-4544-b971-d5b824605176",
    "data": [
      {
        "text": "I want to know about the best colleges in @",
        "userDefined": false
      },
      {
        "text": "Karnataka.",
        "meta": "@Topic",
        "alias": "Inquiry",
        "userDefined": true
      }
    ],
    "isTemplate": false,
    "count": 0,
    "lang": "en",
    "updated": 0
  }
]