[
  {
    "id": "333992ee-508c-489e-be05-264b5a82b36c",
    "data": [
      {
        "text": "Is there anything I should know about?",
        "userDefined": false
      }
    ],
    "isTemplate": false,
    "count": 0,
    "lang": "en",
    "updated": 0
  },
  {
    "id": "399ba555-4ba4-441c-907f-0caaff704263",
    "data": [
      {
        "text": "Are there any latest updates?",
        "userDefined": false
      }
    ],
    "isTemplate": false,
    "count": 0,
    "lang": "en",
    "updated": 0
  },
  {
    "id": "56c80e36-85e0-4434-84d9-1698628b0929",
    "data": [
      {
        "text": "What is the latest scenario?",
        "userDefined": false
      }
    ],
    "isTemplate": false,
    "count": 0,
    "lang": "en",
    "updated": 0
  },
  {
    "id": "b4580277-1d13-436b-b9e1-1aa57525ceee",
    "data": [
      {
        "text": "Exam news.",
        "userDefined": false
      }
    ],
    "isTemplate": false,
    "count": 0,
    "lang": "en",
    "updated": 0
  },
  {
    "id": "63ea837d-d5d6-434b-b806-78f3f2d265b4",
    "data": [
      {
        "text": "News.",
        "userDefined": false
      }
    ],
    "isTemplate": false,
    "count": 0,
    "lang": "en",
    "updated": 0
  },
  {
    "id": "95f6e0a9-2200-4eed-9c2b-6025f31b16ec",
    "data": [
      {
        "text": "Tell me some interesting news.",
        "userDefined": false
      }
    ],
    "isTemplate": false,
    "count": 0,
    "lang": "en",
    "updated": 0
  },
  {
    "id": "9a370230-f184-4399-ac45-c23dd757e808",
    "data": [
      {
        "text": "Please help me know of the latest exam news.",
        "userDefined": false
      }
    ],
    "isTemplate": false,
    "count": 0,
    "lang": "en",
    "updated": 0
  },
  {
    "id": "e4e0497e-604f-4297-9e3b-53818a5a3bb1",
    "data": [
      {
        "text": "What are the upcoming exams I need to know about?",
        "userDefined": false
      }
    ],
    "isTemplate": false,
    "count": 0,
    "lang": "en",
    "updated": 0
  },
  {
    "id": "3e580b81-0b9b-4c41-9434-1af67c7c30a2",
    "data": [
      {
        "text": "Tell me some news.",
        "userDefined": false
      }
    ],
    "isTemplate": false,
    "count": 0,
    "lang": "en",
    "updated": 0
  }
]