[
  {
    "id": "96e6dda4-3afe-4329-8c6e-662ab26e8b09",
    "data": [
      {
        "text": "thank you.",
        "userDefined": false
      }
    ],
    "isTemplate": false,
    "count": 0,
    "lang": "en",
    "updated": 0
  },
  {
    "id": "73022cf6-53f7-467e-bb6e-9cd624245ab9",
    "data": [
      {
        "text": "Feels happy to talk.",
        "userDefined": false
      }
    ],
    "isTemplate": false,
    "count": 0,
    "lang": "en",
    "updated": 0
  },
  {
    "id": "e376dce3-c410-4bbe-bc5b-8f660fa7829d",
    "data": [
      {
        "text": "Alright thanks for your help.",
        "userDefined": false
      }
    ],
    "isTemplate": false,
    "count": 0,
    "lang": "en",
    "updated": 0
  }
]