[
  {
    "id": "ac70147b-7d33-4da7-8e9c-c0a68a46ea4f",
    "data": [
      {
        "text": "class",
        "meta": "@class_detail",
        "alias": "class",
        "userDefined": true
      },
      {
        "text": " notes please.",
        "userDefined": false
      }
    ],
    "isTemplate": false,
    "count": 0,
    "lang": "en",
    "updated": 0
  },
  {
    "id": "e3318929-e28a-42bd-8028-e438031756ac",
    "data": [
      {
        "text": "I need help regarding my ",
        "userDefined": false
      },
      {
        "text": "class",
        "meta": "@class_detail",
        "alias": "class",
        "userDefined": true
      },
      {
        "text": " notes;",
        "userDefined": false
      }
    ],
    "isTemplate": false,
    "count": 0,
    "lang": "en",
    "updated": 0
  },
  {
    "id": "858acdcf-deeb-4357-9978-a90d555655cf",
    "data": [
      {
        "text": "Can you help me get physics notes?",
        "userDefined": false
      }
    ],
    "isTemplate": false,
    "count": 0,
    "lang": "en",
    "updated": 0
  }
]