[
  {
    "id": "d56ac478-b32c-483d-a000-01a175d5574a",
    "data": [
      {
        "text": "I want to know about something",
        "userDefined": false
      }
    ],
    "isTemplate": false,
    "count": 0,
    "lang": "en",
    "updated": 0
  },
  {
    "id": "1c5e11f5-114d-48ea-9ebc-6aad8e036d34",
    "data": [
      {
        "text": "Tell me something about ",
        "userDefined": false
      },
      {
        "text": "@youtuber.",
        "meta": "@Topic",
        "alias": "Topic",
        "userDefined": true
      }
    ],
    "isTemplate": false,
    "count": 0,
    "lang": "en",
    "updated": 0
  },
  {
    "id": "c852d1cb-5233-4a8e-98fe-aef77c3256aa",
    "data": [
      {
        "text": "How to become a ",
        "userDefined": false
      },
      {
        "text": "@youtuber",
        "meta": "@Topic",
        "alias": "Topic",
        "userDefined": true
      },
      {
        "text": "?",
        "userDefined": false
      }
    ],
    "isTemplate": false,
    "count": 0,
    "lang": "en",
    "updated": 0
  },
  {
    "id": "7e034ce2-1a53-4e4a-a70f-7cb67b25b12a",
    "data": [
      {
        "text": "Can you give me some information about ",
        "userDefined": false
      },
      {
        "text": "@photography?",
        "meta": "@Topic",
        "alias": "Topic",
        "userDefined": true
      }
    ],
    "isTemplate": false,
    "count": 0,
    "lang": "en",
    "updated": 0
  }
]