[
  {
    "value": "8th class",
    "synonyms": [
      "8th class"
    ]
  },
  {
    "value": "class 9",
    "synonyms": [
      "class 9"
    ]
  },
  {
    "value": "9th class",
    "synonyms": [
      "9th class"
    ]
  },
  {
    "value": "10th class",
    "synonyms": [
      "10th class"
    ]
  },
  {
    "value": "class 10",
    "synonyms": [
      "class 10"
    ]
  },
  {
    "value": "class 11",
    "synonyms": [
      "class 11"
    ]
  },
  {
    "value": "11th class",
    "synonyms": [
      "11th class"
    ]
  },
  {
    "value": "class 12",
    "synonyms": [
      "class 12"
    ]
  },
  {
    "value": "12th class",
    "synonyms": [
      "12th class"
    ]
  },
  {
    "value": "8",
    "synonyms": [
      "8"
    ]
  },
  {
    "value": "9",
    "synonyms": [
      "9"
    ]
  },
  {
    "value": "10",
    "synonyms": [
      "10"
    ]
  },
  {
    "value": "11",
    "synonyms": [
      "11"
    ]
  },
  {
    "value": "12",
    "synonyms": [
      "12"
    ]
  }
]